company_id,year,cfo_sign,cfi_sign,cff_sign,capital_allocation_pattern,capital_allocation_label
ABB,2012-12,+,-,-,+--,Reinvestor / Shareholder Returns
ABB,2014-03,0,0,0,000,Other / Mixed Pattern
ABB,2015-03,-,-,+,--+,Heavy Investment Phase (external funded)
ABB,2016-03,+,-,-,+--,Reinvestor / Shareholder Returns
ABB,2017-03,+,-,-,+--,Reinvestor / Shareholder Returns
ABB,2018-03,+,-,+,+-+,Aggressive Growth (ops+external funding)
ABB,2019-03,+,-,+,+-+,Aggressive Growth (ops+external funding)
ABB,2020-03,+,-,+,+-+,Aggressive Growth (ops+external funding)
ABB,2021-03,+,-,-,+--,Reinvestor / Shareholder Returns
ABB,2022-03,+,-,-,+--,Reinvestor / Shareholder Returns
ABB,2023-03,+,-,+,+-+,Aggressive Growth (ops+external funding)
ABB,2024-03,+,-,-,+--,Reinvestor / Shareholder Returns
ADANIENSOL,2014-03,0,0,0,000,Other / Mixed Pattern
ADANIENSOL,2015-03,-,-,+,--+,Heavy Investment Phase (external funded)
ADANIENSOL,2016-03,+,-,-,+--,Reinvestor / Shareholder Returns
ADANIENSOL,2017-03,+,-,-,+--,Reinvestor / Shareholder Returns
ADANIENSOL,2018-03,+,-,+,+-+,Aggressive Growth (ops+external funding)
ADANIENSOL,2019-03,+,-,+,+-+,Aggressive Growth (ops+external funding)
ADANIENSOL,2020-03,+,-,+,+-+,Aggressive Growth (ops+external funding)
ADANIENSOL,2021-03,+,-,-,+--,Reinvestor / Shareholder Returns
ADANIENSOL,2022-03,+,-,-,+--,Reinvestor / Shareholder Returns
ADANIENSOL,2023-03,+,-,+,+-+,Aggressive Growth (ops+external funding)
ADANIENSOL,2024-03,+,-,-,+--,Reinvestor / Shareholder Returns
ADANIENT,2013-03,+,-,+,+-+,Aggressive Growth (ops+external funding)
ADANIENT,2014-03,+,-,-,+--,Reinvestor / Shareholder Returns
ADANIENT,2015-03,+,-,+,+-+,Aggressive Growth (ops+external funding)
ADANIENT,2016-03,+,-,-,+--,Reinvestor / Shareholder Returns
ADANIENT,2017-03,+,-,+,+-+,Aggressive Growth (ops+external funding)
ADANIENT,2018-03,+,-,+,+-+,Aggressive Growth (ops+external funding)
ADANIENT,2019-03,+,+,-,++-,Divesting & Returning Capital
ADANIENT,2020-03,+,-,-,+--,Reinvestor / Shareholder Returns
ADANIENT,2021-03,+,-,+,+-+,Aggressive Growth (ops+external funding)
ADANIENT,2022-03,+,-,+,+-+,Aggressive Growth (ops+external funding)
ADANIENT,2023-03,+,-,-,+--,Reinvestor / Shareholder Returns
ADANIENT,2024-03,+,-,+,+-+,Aggressive Growth (ops+external funding)
ADANIGREEN,2017-03,+,-,+,+-+,Aggressive Growth (ops+external funding)
ADANIGREEN,2018-03,+,-,+,+-+,Aggressive Growth (ops+external funding)
ADANIGREEN,2019-03,+,-,+,+-+,Aggressive Growth (ops+external funding)
ADANIGREEN,2020-03,+,-,+,+-+,Aggressive Growth (ops+external funding)
ADANIGREEN,2021-03,+,-,+,+-+,Aggressive Growth (ops+external funding)
ADANIGREEN,2022-03,+,-,+,+-+,Aggressive Growth (ops+external funding)
ADANIGREEN,2023-03,+,-,-,+--,Reinvestor / Shareholder Returns
ADANIGREEN,2024-03,+,-,+,+-+,Aggressive Growth (ops+external funding)
ADANIPORTS,2013-03,+,-,+,+-+,Aggressive Growth (ops+external funding)
ADANIPORTS,2014-03,+,-,+,+-+,Aggressive Growth (ops+external funding)
ADANIPORTS,2015-03,+,-,-,+--,Reinvestor / Shareholder Returns
ADANIPORTS,2016-03,+,-,+,+-+,Aggressive Growth (ops+external funding)
ADANIPORTS,2017-03,+,-,-,+--,Reinvestor / Shareholder Returns
ADANIPORTS,2018-03,+,-,-,+--,Reinvestor / Shareholder Returns
ADANIPORTS,2019-03,+,-,+,+-+,Aggressive Growth (ops+external funding)
ADANIPORTS,2020-03,+,-,-,+--,Reinvestor / Shareholder Returns
ADANIPORTS,2021-03,+,-,+,+-+,Aggressive Growth (ops+external funding)
ADANIPORTS,2022-03,+,-,-,+--,Reinvestor / Shareholder Returns
ADANIPORTS,2023-03,+,-,-,+--,Reinvestor / Shareholder Returns
ADANIPORTS,2024-03,+,-,-,+--,Reinvestor / Shareholder Returns
ADANIPOWER,2013-03,+,-,+,+-+,Aggressive Growth (ops+external funding)
ADANIPOWER,2014-03,+,-,+,+-+,Aggressive Growth (ops+external funding)
ADANIPOWER,2015-03,+,-,-,+--,Reinvestor / Shareholder Returns
ADANIPOWER,2016-03,+,-,-,+--,Reinvestor / Shareholder Returns
ADANIPOWER,2017-03,+,-,-,+--,Reinvestor / Shareholder Returns
ADANIPOWER,2018-03,+,-,-,+--,Reinvestor / Shareholder Returns
ADANIPOWER,2019-03,+,-,-,+--,Reinvestor / Shareholder Returns
ADANIPOWER,2020-03,+,-,-,+--,Reinvestor / Shareholder Returns
ADANIPOWER,2021-03,+,-,-,+--,Reinvestor / Shareholder Returns
ADANIPOWER,2022-03,+,+,-,++-,Divesting & Returning Capital
ADANIPOWER,2023-03,+,+,-,++-,Divesting & Returning Capital
ADANIPOWER,2024-03,+,+,-,++-,Divesting & Returning Capital
AMBUJACEM,2012-12,+,-,-,+--,Reinvestor / Shareholder Returns
AMBUJACEM,2013-12,+,-,-,+--,Reinvestor / Shareholder Returns
AMBUJACEM,2014-12,+,-,-,+--,Reinvestor / Shareholder Returns
AMBUJACEM,2015-12,+,-,-,+--,Reinvestor / Shareholder Returns
AMBUJACEM,2016-12,+,-,-,+--,Reinvestor / Shareholder Returns
AMBUJACEM,2017-12,+,-,-,+--,Reinvestor / Shareholder Returns
AMBUJACEM,2018-12,+,-,-,+--,Reinvestor / Shareholder Returns
AMBUJACEM,2019-12,+,-,-,+--,Reinvestor / Shareholder Returns
AMBUJACEM,2020-12,+,-,-,+--,Reinvestor / Shareholder Returns
AMBUJACEM,2021-12,+,-,-,+--,Reinvestor / Shareholder Returns
AMBUJACEM,2024-03,+,-,+,+-+,Aggressive Growth (ops+external funding)
APOLLOHOSP,2013-03,+,-,+,+-+,Aggressive Growth (ops+external funding)
APOLLOHOSP,2014-03,+,-,-,+--,Reinvestor / Shareholder Returns
APOLLOHOSP,2015-03,+,-,+,+-+,Aggressive Growth (ops+external funding)
APOLLOHOSP,2016-03,+,-,+,+-+,Aggressive Growth (ops+external funding)
APOLLOHOSP,2017-03,+,-,+,+-+,Aggressive Growth (ops+external funding)
APOLLOHOSP,2018-03,+,-,-,+--,Reinvestor / Shareholder Returns
APOLLOHOSP,2019-03,+,-,-,+--,Reinvestor / Shareholder Returns
APOLLOHOSP,2020-03,+,-,-,+--,Reinvestor / Shareholder Returns
APOLLOHOSP,2021-03,+,-,-,+--,Reinvestor / Shareholder Returns
APOLLOHOSP,2022-03,+,-,-,+--,Reinvestor / Shareholder Returns
APOLLOHOSP,2023-03,+,-,-,+--,Reinvestor / Shareholder Returns
APOLLOHOSP,2024-03,+,-,-,+--,Reinvestor / Shareholder Returns
ASIANPAINT,2013-03,+,-,-,+--,Reinvestor / Shareholder Returns
ASIANPAINT,2014-03,+,-,-,+--,Reinvestor / Shareholder Returns
ASIANPAINT,2015-03,+,-,-,+--,Reinvestor / Shareholder Returns
ASIANPAINT,2016-03,+,-,-,+--,Reinvestor / Shareholder Returns
ASIANPAINT,2017-03,+,-,-,+--,Reinvestor / Shareholder Returns
ASIANPAINT,2018-03,+,-,-,+--,Reinvestor / Shareholder Returns
ASIANPAINT,2019-03,+,-,-,+--,Reinvestor / Shareholder Returns
ASIANPAINT,2020-03,+,-,-,+--,Reinvestor / Shareholder Returns
ASIANPAINT,2021-03,+,-,-,+--,Reinvestor / Shareholder Returns
ASIANPAINT,2022-03,+,-,-,+--,Reinvestor / Shareholder Returns
ASIANPAINT,2023-03,+,-,-,+--,Reinvestor / Shareholder Returns
ASIANPAINT,2024-03,+,-,-,+--,Reinvestor / Shareholder Returns
BAJAJ-AUTO,2013-03,+,-,-,+--,Reinvestor / Shareholder Returns
BAJAJ-AUTO,2014-03,+,-,-,+--,Reinvestor / Shareholder Returns
BAJAJ-AUTO,2015-03,+,-,-,+--,Reinvestor / Shareholder Returns
BAJAJ-AUTO,2016-03,+,-,-,+--,Reinvestor / Shareholder Returns
BAJAJ-AUTO,2017-03,+,-,-,+--,Reinvestor / Shareholder Returns
BAJAJ-AUTO,2018-03,+,-,-,+--,Reinvestor / Shareholder Returns
BAJAJ-AUTO,2019-03,+,-,-,+--,Reinvestor / Shareholder Returns
BAJAJ-AUTO,2020-03,+,+,-,++-,Divesting & Returning Capital
BAJAJ-AUTO,2021-03,+,-,-,+--,Reinvestor / Shareholder Returns
BAJAJ-AUTO,2022-03,+,+,-,++-,Divesting & Returning Capital
BAJAJ-AUTO,2023-03,+,+,-,++-,Divesting & Returning Capital
BAJAJ-AUTO,2024-03,+,-,-,+--,Reinvestor / Shareholder Returns
AXISBANK,2013-03,+,-,+,+-+,Aggressive Growth (ops+external funding)
AXISBANK,2014-03,+,-,+,+-+,Aggressive Growth (ops+external funding)
AXISBANK,2015-03,-,-,+,--+,Heavy Investment Phase (external funded)
AXISBANK,2016-03,-,+,+,-++,Distress — External Funding to Survive
AXISBANK,2017-03,+,-,-,+--,Reinvestor / Shareholder Returns
AXISBANK,2018-03,-,-,+,--+,Heavy Investment Phase (external funded)
AXISBANK,2019-03,+,-,+,+-+,Aggressive Growth (ops+external funding)
AXISBANK,2020-03,+,-,+,+-+,Aggressive Growth (ops+external funding)
AXISBANK,2021-03,+,-,+,+-+,Aggressive Growth (ops+external funding)
AXISBANK,2022-03,+,-,+,+-+,Aggressive Growth (ops+external funding)
AXISBANK,2023-03,+,-,+,+-+,Aggressive Growth (ops+external funding)
AXISBANK,2024-03,-,-,+,--+,Heavy Investment Phase (external funded)
BAJAJFINSV,2013-03,-,+,+,-++,Distress — External Funding to Survive
BAJAJFINSV,2014-03,-,+,+,-++,Distress — External Funding to Survive
BAJAJFINSV,2015-03,-,+,+,-++,Distress — External Funding to Survive
BAJAJFINSV,2016-03,-,-,+,--+,Heavy Investment Phase (external funded)
BAJAJFINSV,2017-03,-,+,+,-++,Distress — External Funding to Survive
BAJAJFINSV,2018-03,-,-,+,--+,Heavy Investment Phase (external funded)
BAJAJFINSV,2019-03,-,-,+,--+,Heavy Investment Phase (external funded)
BAJAJFINSV,2020-03,-,-,+,--+,Heavy Investment Phase (external funded)
BAJAJFINSV,2021-03,+,-,+,+-+,Aggressive Growth (ops+external funding)
BAJAJFINSV,2022-03,-,+,+,-++,Distress — External Funding to Survive
BAJAJFINSV,2023-03,-,-,+,--+,Heavy Investment Phase (external funded)
BAJAJFINSV,2024-03,-,-,+,--+,Heavy Investment Phase (external funded)
BAJAJHLDNG,2013-03,+,-,-,+--,Reinvestor / Shareholder Returns
BAJAJHLDNG,2014-03,+,-,-,+--,Reinvestor / Shareholder Returns
BAJAJHLDNG,2015-03,+,-,-,+--,Reinvestor / Shareholder Returns
BAJAJHLDNG,2016-03,+,+,-,++-,Divesting & Returning Capital
BAJAJHLDNG,2017-03,-,-,-,---,Cash Burn — Self-funded Investment
BAJAJHLDNG,2018-03,+,-,-,+--,Reinvestor / Shareholder Returns
BAJAJHLDNG,2019-03,+,-,-,+--,Reinvestor / Shareholder Returns
BAJAJHLDNG,2020-03,+,-,-,+--,Reinvestor / Shareholder Returns
BAJAJHLDNG,2021-03,+,-,-,+--,Reinvestor / Shareholder Returns
BAJAJHLDNG,2022-03,+,-,-,+--,Reinvestor / Shareholder Returns
BAJAJHLDNG,2023-03,+,-,-,+--,Reinvestor / Shareholder Returns
BAJAJHLDNG,2024-03,+,-,-,+--,Reinvestor / Shareholder Returns
BAJFINANCE,2015-03,-,-,+,--+,Heavy Investment Phase (external funded)
BAJFINANCE,2016-03,-,-,+,--+,Heavy Investment Phase (external funded)
BAJFINANCE,2017-03,-,-,+,--+,Heavy Investment Phase (external funded)
BAJFINANCE,2018-03,-,+,+,-++,Distress — External Funding to Survive
BAJFINANCE,2019-03,-,-,+,--+,Heavy Investment Phase (external funded)
BAJFINANCE,2020-03,-,-,+,--+,Heavy Investment Phase (external funded)
BAJFINANCE,2021-03,-,-,+,--+,Heavy Investment Phase (external funded)
BAJFINANCE,2022-03,-,+,+,-++,Distress — External Funding to Survive
BAJFINANCE,2023-03,-,-,+,--+,Heavy Investment Phase (external funded)
BAJFINANCE,2024-03,-,-,+,--+,Heavy Investment Phase (external funded)
BANKBARODA,2013-03,+,-,-,+--,Reinvestor / Shareholder Returns
BANKBARODA,2014-03,+,-,+,+-+,Aggressive Growth (ops+external funding)
BANKBARODA,2015-03,+,-,-,+--,Reinvestor / Shareholder Returns
BANKBARODA,2016-03,-,-,-,---,Cash Burn — Self-funded Investment
BANKBARODA,2017-03,+,-,-,+--,Reinvestor / Shareholder Returns
BANKBARODA,2018-03,-,-,+,--+,Heavy Investment Phase (external funded)
BANKBARODA,2019-03,-,-,+,--+,Heavy Investment Phase (external funded)
BANKBARODA,2020-03,+,-,+,+-+,Aggressive Growth (ops+external funding)
BANKBARODA,2021-03,-,-,-,---,Cash Burn — Self-funded Investment
BANKBARODA,2022-03,+,-,-,+--,Reinvestor / Shareholder Returns
BANKBARODA,2023-03,-,-,-,---,Cash Burn — Self-funded Investment
BANKBARODA,2024-03,-,-,+,--+,Heavy Investment Phase (external funded)
BHARTIARTL,2013-03,+,-,-,+--,Reinvestor / Shareholder Returns
BHARTIARTL,2014-03,+,-,+,+-+,Aggressive Growth (ops+external funding)
BHARTIARTL,2015-03,+,-,-,+--,Reinvestor / Shareholder Returns
BHARTIARTL,2016-03,+,-,-,+--,Reinvestor / Shareholder Returns
BHARTIARTL,2017-03,+,-,-,+--,Reinvestor / Shareholder Returns
BHARTIARTL,2018-03,+,-,+,+-+,Aggressive Growth (ops+external funding)
BHARTIARTL,2019-03,+,-,+,+-+,Aggressive Growth (ops+external funding)
BHARTIARTL,2020-03,+,-,+,+-+,Aggressive Growth (ops+external funding)
BHARTIARTL,2021-03,+,-,-,+--,Reinvestor / Shareholder Returns
BHARTIARTL,2022-03,+,-,-,+--,Reinvestor / Shareholder Returns
BHARTIARTL,2023-03,+,-,-,+--,Reinvestor / Shareholder Returns
BHARTIARTL,2024-03,+,-,-,+--,Reinvestor / Shareholder Returns
BEL,2013-03,-,+,-,-+-,Distress — Asset Sale + Debt Repay
BEL,2014-03,-,+,-,-+-,Distress — Asset Sale + Debt Repay
BEL,2015-03,+,-,-,+--,Reinvestor / Shareholder Returns
BEL,2016-03,+,-,-,+--,Reinvestor / Shareholder Returns
BEL,2017-03,-,+,-,-+-,Distress — Asset Sale + Debt Repay
BEL,2018-03,-,-,-,---,Cash Burn — Self-funded Investment
BEL,2019-03,+,-,-,+--,Reinvestor / Shareholder Returns
BEL,2020-03,+,-,-,+--,Reinvestor / Shareholder Returns
BEL,2021-03,+,-,-,+--,Reinvestor / Shareholder Returns
BEL,2022-03,+,-,-,+--,Reinvestor / Shareholder Returns
BEL,2023-03,+,+,-,++-,Divesting & Returning Capital
BEL,2024-03,+,-,-,+--,Reinvestor / Shareholder Returns
BHEL,2013-03,+,-,+,+-+,Aggressive Growth (ops+external funding)
BHEL,2014-03,+,-,+,+-+,Aggressive Growth (ops+external funding)
BHEL,2015-03,+,+,-,++-,Divesting & Returning Capital
BHEL,2016-03,+,+,-,++-,Divesting & Returning Capital
BHEL,2017-03,+,-,-,+--,Reinvestor / Shareholder Returns
BHEL,2018-03,+,+,-,++-,Divesting & Returning Capital
BHEL,2019-03,-,+,-,-+-,Distress — Asset Sale + Debt Repay
BHEL,2020-03,-,+,+,-++,Distress — External Funding to Survive
BHEL,2021-03,+,-,-,+--,Reinvestor / Shareholder Returns
BHEL,2022-03,+,-,-,+--,Reinvestor / Shareholder Returns
BHEL,2023-03,-,+,+,-++,Distress — External Funding to Survive
BHEL,2024-03,-,+,+,-++,Distress — External Funding to Survive
BOSCHLTD,2012-12,+,-,-,+--,Reinvestor / Shareholder Returns
BOSCHLTD,2013-12,+,-,-,+--,Reinvestor / Shareholder Returns
BOSCHLTD,2015-03,+,-,-,+--,Reinvestor / Shareholder Returns
BOSCHLTD,2016-03,+,-,-,+--,Reinvestor / Shareholder Returns
BOSCHLTD,2017-03,+,+,-,++-,Divesting & Returning Capital
BOSCHLTD,2018-03,+,-,-,+--,Reinvestor / Shareholder Returns
BOSCHLTD,2019-03,+,+,-,++-,Divesting & Returning Capital
BOSCHLTD,2020-03,+,-,-,+--,Reinvestor / Shareholder Returns
BOSCHLTD,2021-03,+,-,-,+--,Reinvestor / Shareholder Returns
BOSCHLTD,2022-03,+,-,-,+--,Reinvestor / Shareholder Returns
BOSCHLTD,2023-03,+,+,-,++-,Divesting & Returning Capital
BOSCHLTD,2024-03,+,+,-,++-,Divesting & Returning Capital
BPCL,2013-03,+,-,-,+--,Reinvestor / Shareholder Returns
BPCL,2014-03,+,-,-,+--,Reinvestor / Shareholder Returns
BPCL,2015-03,+,-,-,+--,Reinvestor / Shareholder Returns
BPCL,2016-03,+,-,-,+--,Reinvestor / Shareholder Returns
BPCL,2017-03,+,-,+,+-+,Aggressive Growth (ops+external funding)
BPCL,2018-03,+,-,-,+--,Reinvestor / Shareholder Returns
BPCL,2019-03,+,-,+,+-+,Aggressive Growth (ops+external funding)
BPCL,2020-03,+,-,+,+-+,Aggressive Growth (ops+external funding)
BPCL,2021-03,+,-,-,+--,Reinvestor / Shareholder Returns
BPCL,2022-03,+,-,-,+--,Reinvestor / Shareholder Returns
BPCL,2023-03,+,-,-,+--,Reinvestor / Shareholder Returns
BPCL,2024-03,+,-,-,+--,Reinvestor / Shareholder Returns
BRITANNIA,2013-03,+,+,-,++-,Divesting & Returning Capital
BRITANNIA,2014-03,+,-,-,+--,Reinvestor / Shareholder Returns
BRITANNIA,2015-03,+,-,-,+--,Reinvestor / Shareholder Returns
BRITANNIA,2016-03,+,-,-,+--,Reinvestor / Shareholder Returns
BRITANNIA,2017-03,+,-,-,+--,Reinvestor / Shareholder Returns
BRITANNIA,2018-03,+,-,-,+--,Reinvestor / Shareholder Returns
BRITANNIA,2019-03,+,-,-,+--,Reinvestor / Shareholder Returns
BRITANNIA,2020-03,+,-,+,+-+,Aggressive Growth (ops+external funding)
BRITANNIA,2021-03,+,+,-,++-,Divesting & Returning Capital
BRITANNIA,2022-03,+,+,-,++-,Divesting & Returning Capital
BRITANNIA,2023-03,+,-,-,+--,Reinvestor / Shareholder Returns
BRITANNIA,2024-03,+,+,-,++-,Divesting & Returning Capital
CANBK,2013-03,+,-,-,+--,Reinvestor / Shareholder Returns
CANBK,2014-03,+,-,-,+--,Reinvestor / Shareholder Returns
CANBK,2015-03,+,-,-,+--,Reinvestor / Shareholder Returns
CANBK,2016-03,+,-,-,+--,Reinvestor / Shareholder Returns
CANBK,2017-03,+,-,+,+-+,Aggressive Growth (ops+external funding)
CANBK,2018-03,-,-,+,--+,Heavy Investment Phase (external funded)
CANBK,2019-03,+,-,-,+--,Reinvestor / Shareholder Returns
CANBK,2020-03,-,-,+,--+,Heavy Investment Phase (external funded)
CANBK,2021-03,+,-,+,+-+,Aggressive Growth (ops+external funding)
CANBK,2022-03,+,-,+,+-+,Aggressive Growth (ops+external funding)
CANBK,2023-03,-,-,+,--+,Heavy Investment Phase (external funded)
CANBK,2024-03,+,-,-,+--,Reinvestor / Shareholder Returns
CHOLAFIN,2013-03,-,+,+,-++,Distress — External Funding to Survive
CHOLAFIN,2014-03,-,-,+,--+,Heavy Investment Phase (external funded)
CHOLAFIN,2015-03,-,-,+,--+,Heavy Investment Phase (external funded)
CHOLAFIN,2016-03,-,-,+,--+,Heavy Investment Phase (external funded)
CHOLAFIN,2017-03,-,-,+,--+,Heavy Investment Phase (external funded)
CHOLAFIN,2018-03,-,-,+,--+,Heavy Investment Phase (external funded)
CHOLAFIN,2019-03,-,-,+,--+,Heavy Investment Phase (external funded)
CHOLAFIN,2020-03,-,-,+,--+,Heavy Investment Phase (external funded)
CHOLAFIN,2021-03,-,-,+,--+,Heavy Investment Phase (external funded)
CHOLAFIN,2022-03,-,+,+,-++,Distress — External Funding to Survive
CHOLAFIN,2023-03,-,-,+,--+,Heavy Investment Phase (external funded)
CHOLAFIN,2024-03,-,-,+,--+,Heavy Investment Phase (external funded)
CIPLA,2013-03,+,-,+,+-+,Aggressive Growth (ops+external funding)
CIPLA,2014-03,+,-,-,+--,Reinvestor / Shareholder Returns
CIPLA,2015-03,+,-,+,+-+,Aggressive Growth (ops+external funding)
CIPLA,2016-03,+,-,+,+-+,Aggressive Growth (ops+external funding)
CIPLA,2017-03,+,-,-,+--,Reinvestor / Shareholder Returns
CIPLA,2018-03,+,-,-,+--,Reinvestor / Shareholder Returns
CIPLA,2019-03,+,-,-,+--,Reinvestor / Shareholder Returns
CIPLA,2020-03,+,+,-,++-,Divesting & Returning Capital
CIPLA,2021-03,+,-,-,+--,Reinvestor / Shareholder Returns
CIPLA,2022-03,+,-,-,+--,Reinvestor / Shareholder Returns
CIPLA,2023-03,+,-,-,+--,Reinvestor / Shareholder Returns
CIPLA,2024-03,+,-,-,+--,Reinvestor / Shareholder Returns
COALINDIA,2013-03,+,-,-,+--,Reinvestor / Shareholder Returns
COALINDIA,2014-03,+,+,-,++-,Divesting & Returning Capital
COALINDIA,2015-03,+,+,-,++-,Divesting & Returning Capital
COALINDIA,2016-03,+,+,-,++-,Divesting & Returning Capital
COALINDIA,2017-03,+,+,-,++-,Divesting & Returning Capital
COALINDIA,2018-03,+,-,-,+--,Reinvestor / Shareholder Returns
COALINDIA,2019-03,+,-,-,+--,Reinvestor / Shareholder Returns
COALINDIA,2020-03,+,+,-,++-,Divesting & Returning Capital
COALINDIA,2021-03,+,+,-,++-,Divesting & Returning Capital
COALINDIA,2022-03,+,-,-,+--,Reinvestor / Shareholder Returns
COALINDIA,2023-03,+,-,-,+--,Reinvestor / Shareholder Returns
COALINDIA,2024-03,+,-,-,+--,Reinvestor / Shareholder Returns
DABUR,2013-03,+,-,-,+--,Reinvestor / Shareholder Returns
DABUR,2014-03,+,-,-,+--,Reinvestor / Shareholder Returns
DABUR,2015-03,+,-,-,+--,Reinvestor / Shareholder Returns
DABUR,2016-03,+,-,-,+--,Reinvestor / Shareholder Returns
DABUR,2017-03,+,-,-,+--,Reinvestor / Shareholder Returns
DABUR,2018-03,+,-,-,+--,Reinvestor / Shareholder Returns
DABUR,2019-03,+,+,-,++-,Divesting & Returning Capital
DABUR,2020-03,+,-,-,+--,Reinvestor / Shareholder Returns
DABUR,2021-03,+,-,-,+--,Reinvestor / Shareholder Returns
DABUR,2022-03,+,-,-,+--,Reinvestor / Shareholder Returns
DABUR,2023-03,+,-,-,+--,Reinvestor / Shareholder Returns
DABUR,2024-03,+,-,-,+--,Reinvestor / Shareholder Returns
DIVISLAB,2013-03,+,-,-,+--,Reinvestor / Shareholder Returns
DIVISLAB,2014-03,+,-,-,+--,Reinvestor / Shareholder Returns
DIVISLAB,2015-03,+,-,-,+--,Reinvestor / Shareholder Returns
DIVISLAB,2016-03,+,-,-,+--,Reinvestor / Shareholder Returns
DIVISLAB,2017-03,+,-,+,+-+,Aggressive Growth (ops+external funding)
DIVISLAB,2018-03,+,-,-,+--,Reinvestor / Shareholder Returns
DIVISLAB,2019-03,+,-,-,+--,Reinvestor / Shareholder Returns
DIVISLAB,2020-03,+,-,-,+--,Reinvestor / Shareholder Returns
DIVISLAB,2021-03,+,+,-,++-,Divesting & Returning Capital
DIVISLAB,2022-03,+,-,-,+--,Reinvestor / Shareholder Returns
DIVISLAB,2023-03,+,-,-,+--,Reinvestor / Shareholder Returns
DIVISLAB,2024-03,+,-,-,+--,Reinvestor / Shareholder Returns
DLF,2013-03,+,+,-,++-,Divesting & Returning Capital
DLF,2014-03,+,+,-,++-,Divesting & Returning Capital
DLF,2015-03,+,+,-,++-,Divesting & Returning Capital
DLF,2016-03,+,-,-,+--,Reinvestor / Shareholder Returns
DLF,2017-03,-,+,+,-++,Distress — External Funding to Survive
DLF,2018-03,+,-,-,+--,Reinvestor / Shareholder Returns
DLF,2019-03,+,+,+,+++,Other / Mixed Pattern
DLF,2020-03,+,+,-,++-,Divesting & Returning Capital
DLF,2021-03,+,+,-,++-,Divesting & Returning Capital
DLF,2022-03,+,+,-,++-,Divesting & Returning Capital
DLF,2023-03,+,-,-,+--,Reinvestor / Shareholder Returns
DLF,2024-03,+,-,+,+-+,Aggressive Growth (ops+external funding)
DMART,2013-03,+,-,+,+-+,Aggressive Growth (ops+external funding)
DMART,2014-03,+,-,+,+-+,Aggressive Growth (ops+external funding)
DMART,2015-03,+,-,+,+-+,Aggressive Growth (ops+external funding)
DMART,2016-03,+,-,+,+-+,Aggressive Growth (ops+external funding)
DMART,2017-03,+,-,+,+-+,Aggressive Growth (ops+external funding)
DMART,2018-03,+,+,-,++-,Divesting & Returning Capital
DMART,2019-03,+,-,+,+-+,Aggressive Growth (ops+external funding)
DMART,2020-03,+,-,+,+-+,Aggressive Growth (ops+external funding)
DMART,2021-03,+,-,-,+--,Reinvestor / Shareholder Returns
DMART,2022-03,+,-,-,+--,Reinvestor / Shareholder Returns
DMART,2023-03,+,-,-,+--,Reinvestor / Shareholder Returns
DMART,2024-03,+,-,-,+--,Reinvestor / Shareholder Returns
DRREDDY,2013-03,+,-,-,+--,Reinvestor / Shareholder Returns
DRREDDY,2014-03,+,-,-,+--,Reinvestor / Shareholder Returns
DRREDDY,2015-03,+,-,-,+--,Reinvestor / Shareholder Returns
DRREDDY,2016-03,+,-,-,+--,Reinvestor / Shareholder Returns
DRREDDY,2017-03,+,-,-,+--,Reinvestor / Shareholder Returns
DRREDDY,2018-03,+,-,-,+--,Reinvestor / Shareholder Returns
DRREDDY,2019-03,+,-,-,+--,Reinvestor / Shareholder Returns
DRREDDY,2020-03,+,-,-,+--,Reinvestor / Shareholder Returns
DRREDDY,2021-03,+,-,-,+--,Reinvestor / Shareholder Returns
DRREDDY,2022-03,+,-,-,+--,Reinvestor / Shareholder Returns
DRREDDY,2023-03,+,-,-,+--,Reinvestor / Shareholder Returns
DRREDDY,2024-03,+,-,-,+--,Reinvestor / Shareholder Returns
EICHERMOT,2012-12,+,-,-,+--,Reinvestor / Shareholder Returns
EICHERMOT,2013-12,+,-,-,+--,Reinvestor / Shareholder Returns
EICHERMOT,2014-12,+,-,-,+--,Reinvestor / Shareholder Returns
EICHERMOT,2016-03,+,-,-,+--,Reinvestor / Shareholder Returns
EICHERMOT,2017-03,+,-,+,+-+,Aggressive Growth (ops+external funding)
EICHERMOT,2018-03,+,-,-,+--,Reinvestor / Shareholder Returns
EICHERMOT,2019-03,+,-,-,+--,Reinvestor / Shareholder Returns
EICHERMOT,2020-03,+,-,-,+--,Reinvestor / Shareholder Returns
EICHERMOT,2021-03,+,-,-,+--,Reinvestor / Shareholder Returns
EICHERMOT,2022-03,+,-,-,+--,Reinvestor / Shareholder Returns
EICHERMOT,2023-03,+,-,-,+--,Reinvestor / Shareholder Returns
EICHERMOT,2024-03,+,-,-,+--,Reinvestor / Shareholder Returns
GAIL,2013-03,+,-,+,+-+,Aggressive Growth (ops+external funding)
GAIL,2014-03,+,-,-,+--,Reinvestor / Shareholder Returns
GAIL,2015-03,+,-,-,+--,Reinvestor / Shareholder Returns
GAIL,2016-03,+,-,-,+--,Reinvestor / Shareholder Returns
GAIL,2017-03,+,-,-,+--,Reinvestor / Shareholder Returns
GAIL,2018-03,+,-,-,+--,Reinvestor / Shareholder Returns
GAIL,2019-03,+,-,-,+--,Reinvestor / Shareholder Returns
GAIL,2020-03,+,-,+,+-+,Aggressive Growth (ops+external funding)
GAIL,2021-03,+,-,-,+--,Reinvestor / Shareholder Returns
GAIL,2022-03,+,-,-,+--,Reinvestor / Shareholder Returns
GAIL,2023-03,+,-,+,+-+,Aggressive Growth (ops+external funding)
GAIL,2024-03,+,-,-,+--,Reinvestor / Shareholder Returns
GODREJCP,2013-03,+,-,+,+-+,Aggressive Growth (ops+external funding)
GODREJCP,2014-03,+,-,-,+--,Reinvestor / Shareholder Returns
GODREJCP,2015-03,+,-,-,+--,Reinvestor / Shareholder Returns
GODREJCP,2016-03,+,-,-,+--,Reinvestor / Shareholder Returns
GODREJCP,2017-03,+,-,+,+-+,Aggressive Growth (ops+external funding)
GODREJCP,2018-03,+,-,-,+--,Reinvestor / Shareholder Returns
GODREJCP,2019-03,+,+,-,++-,Divesting & Returning Capital
GODREJCP,2020-03,+,-,-,+--,Reinvestor / Shareholder Returns
GODREJCP,2021-03,+,-,-,+--,Reinvestor / Shareholder Returns
GODREJCP,2022-03,+,-,-,+--,Reinvestor / Shareholder Returns
GODREJCP,2023-03,+,-,-,+--,Reinvestor / Shareholder Returns
GODREJCP,2024-03,+,-,+,+-+,Aggressive Growth (ops+external funding)
GRASIM,2013-03,+,-,+,+-+,Aggressive Growth (ops+external funding)
GRASIM,2014-03,+,-,-,+--,Reinvestor / Shareholder Returns
GRASIM,2015-03,+,-,-,+--,Reinvestor / Shareholder Returns
GRASIM,2016-03,+,-,-,+--,Reinvestor / Shareholder Returns
GRASIM,2017-03,+,-,-,+--,Reinvestor / Shareholder Returns
GRASIM,2018-03,-,+,+,-++,Distress — External Funding to Survive
GRASIM,2019-03,-,-,+,--+,Heavy Investment Phase (external funded)
GRASIM,2020-03,+,-,-,+--,Reinvestor / Shareholder Returns
GRASIM,2021-03,+,-,-,+--,Reinvestor / Shareholder Returns
GRASIM,2022-03,+,-,-,+--,Reinvestor / Shareholder Returns
GRASIM,2023-03,-,-,+,--+,Heavy Investment Phase (external funded)
GRASIM,2024-03,-,-,+,--+,Heavy Investment Phase (external funded)
HAL,2017-03,-,+,-,-+-,Distress — Asset Sale + Debt Repay
HAL,2018-03,-,+,-,-+-,Distress — Asset Sale + Debt Repay
HAL,2019-03,-,+,+,-++,Distress — External Funding to Survive
HAL,2020-03,+,-,+,+-+,Aggressive Growth (ops+external funding)
HAL,2021-03,+,-,-,+--,Reinvestor / Shareholder Returns
HAL,2022-03,+,-,-,+--,Reinvestor / Shareholder Returns
HAL,2023-03,+,-,-,+--,Reinvestor / Shareholder Returns
HAL,2024-03,+,-,-,+--,Reinvestor / Shareholder Returns
HAVELLS,2013-03,+,-,-,+--,Reinvestor / Shareholder Returns
HAVELLS,2014-03,+,-,-,+--,Reinvestor / Shareholder Returns
HAVELLS,2015-03,+,-,-,+--,Reinvestor / Shareholder Returns
HAVELLS,2016-03,+,-,-,+--,Reinvestor / Shareholder Returns
HAVELLS,2017-03,+,-,-,+--,Reinvestor / Shareholder Returns
HAVELLS,2018-03,+,-,-,+--,Reinvestor / Shareholder Returns
HAVELLS,2019-03,+,+,-,++-,Divesting & Returning Capital
HAVELLS,2020-03,+,-,-,+--,Reinvestor / Shareholder Returns
HAVELLS,2021-03,+,-,+,+-+,Aggressive Growth (ops+external funding)
HAVELLS,2022-03,+,-,-,+--,Reinvestor / Shareholder Returns
HAVELLS,2023-03,+,+,-,++-,Divesting & Returning Capital
HAVELLS,2024-03,+,-,-,+--,Reinvestor / Shareholder Returns
HCLTECH,2013-06,+,-,-,+--,Reinvestor / Shareholder Returns
HCLTECH,2014-06,+,-,-,+--,Reinvestor / Shareholder Returns
HCLTECH,2015-06,+,-,-,+--,Reinvestor / Shareholder Returns
HCLTECH,2017-03,+,-,-,+--,Reinvestor / Shareholder Returns
HCLTECH,2018-03,+,-,-,+--,Reinvestor / Shareholder Returns
HCLTECH,2019-03,+,-,-,+--,Reinvestor / Shareholder Returns
HCLTECH,2020-03,+,-,-,+--,Reinvestor / Shareholder Returns
HCLTECH,2021-03,+,-,-,+--,Reinvestor / Shareholder Returns
HCLTECH,2022-03,+,+,-,++-,Divesting & Returning Capital
HCLTECH,2023-03,+,-,-,+--,Reinvestor / Shareholder Returns
HCLTECH,2024-03,+,-,-,+--,Reinvestor / Shareholder Returns
HDFCBANK,2013-03,-,-,+,--+,Heavy Investment Phase (external funded)
HDFCBANK,2014-03,+,-,+,+-+,Aggressive Growth (ops+external funding)
HDFCBANK,2015-03,-,-,+,--+,Heavy Investment Phase (external funded)
HDFCBANK,2016-03,-,-,+,--+,Heavy Investment Phase (external funded)
HDFCBANK,2017-03,+,-,-,+--,Reinvestor / Shareholder Returns
HDFCBANK,2018-03,+,-,+,+-+,Aggressive Growth (ops+external funding)
HDFCBANK,2019-03,-,-,+,--+,Heavy Investment Phase (external funded)
HDFCBANK,2020-03,-,-,+,--+,Heavy Investment Phase (external funded)
HDFCBANK,2021-03,+,-,-,+--,Reinvestor / Shareholder Returns
HDFCBANK,2022-03,-,-,+,--+,Heavy Investment Phase (external funded)
HDFCBANK,2023-03,+,-,+,+-+,Aggressive Growth (ops+external funding)
HDFCBANK,2024-03,+,+,-,++-,Divesting & Returning Capital
HDFCLIFE,2013-03,0,0,0,000,Other / Mixed Pattern
HDFCLIFE,2014-03,0,0,0,000,Other / Mixed Pattern
HDFCLIFE,2015-03,+,-,-,+--,Reinvestor / Shareholder Returns
HDFCLIFE,2016-03,+,-,-,+--,Reinvestor / Shareholder Returns
HDFCLIFE,2017-03,+,-,-,+--,Reinvestor / Shareholder Returns
HDFCLIFE,2018-03,+,-,-,+--,Reinvestor / Shareholder Returns
HDFCLIFE,2019-03,+,-,-,+--,Reinvestor / Shareholder Returns
HDFCLIFE,2020-03,+,-,+,+-+,Aggressive Growth (ops+external funding)
HDFCLIFE,2021-03,+,-,+,+-+,Aggressive Growth (ops+external funding)
HDFCLIFE,2022-03,+,-,-,+--,Reinvestor / Shareholder Returns
HDFCLIFE,2023-03,+,-,+,+-+,Aggressive Growth (ops+external funding)
HDFCLIFE,2024-03,+,-,-,+--,Reinvestor / Shareholder Returns
HEROMOTOCO,2014-03,+,-,-,+--,Reinvestor / Shareholder Returns
HEROMOTOCO,2015-03,+,+,-,++-,Divesting & Returning Capital
HEROMOTOCO,2016-03,+,-,-,+--,Reinvestor / Shareholder Returns
HEROMOTOCO,2017-03,+,-,-,+--,Reinvestor / Shareholder Returns
HEROMOTOCO,2018-03,+,-,-,+--,Reinvestor / Shareholder Returns
HEROMOTOCO,2019-03,+,+,-,++-,Divesting & Returning Capital
HEROMOTOCO,2020-03,+,-,-,+--,Reinvestor / Shareholder Returns
HEROMOTOCO,2021-03,+,-,-,+--,Reinvestor / Shareholder Returns
HEROMOTOCO,2022-03,+,-,-,+--,Reinvestor / Shareholder Returns
HEROMOTOCO,2023-03,+,-,-,+--,Reinvestor / Shareholder Returns
HEROMOTOCO,2024-03,+,-,-,+--,Reinvestor / Shareholder Returns
HINDALCO,2013-03,+,-,+,+-+,Aggressive Growth (ops+external funding)
HINDALCO,2014-03,+,-,+,+-+,Aggressive Growth (ops+external funding)
HINDALCO,2015-03,+,-,-,+--,Reinvestor / Shareholder Returns
HINDALCO,2016-03,+,-,-,+--,Reinvestor / Shareholder Returns
HINDALCO,2017-03,+,-,-,+--,Reinvestor / Shareholder Returns
HINDALCO,2018-03,+,+,-,++-,Divesting & Returning Capital
HINDALCO,2019-03,+,-,-,+--,Reinvestor / Shareholder Returns
HINDALCO,2020-03,+,-,+,+-+,Aggressive Growth (ops+external funding)
HINDALCO,2021-03,+,-,-,+--,Reinvestor / Shareholder Returns
HINDALCO,2022-03,+,-,-,+--,Reinvestor / Shareholder Returns
HINDALCO,2023-03,+,-,-,+--,Reinvestor / Shareholder Returns
HINDALCO,2024-03,+,-,-,+--,Reinvestor / Shareholder Returns
HINDUNILVR,2013-03,+,+,-,++-,Divesting & Returning Capital
HINDUNILVR,2014-03,+,-,-,+--,Reinvestor / Shareholder Returns
HINDUNILVR,2015-03,+,+,-,++-,Divesting & Returning Capital
HINDUNILVR,2016-03,+,-,-,+--,Reinvestor / Shareholder Returns
HINDUNILVR,2017-03,+,-,-,+--,Reinvestor / Shareholder Returns
HINDUNILVR,2018-03,+,-,-,+--,Reinvestor / Shareholder Returns
HINDUNILVR,2019-03,+,-,-,+--,Reinvestor / Shareholder Returns
HINDUNILVR,2020-03,+,+,-,++-,Divesting & Returning Capital
HINDUNILVR,2021-03,+,-,-,+--,Reinvestor / Shareholder Returns
HINDUNILVR,2022-03,+,-,-,+--,Reinvestor / Shareholder Returns
HINDUNILVR,2023-03,+,-,-,+--,Reinvestor / Shareholder Returns
HINDUNILVR,2024-03,+,-,-,+--,Reinvestor / Shareholder Returns
ICICIBANK,2013-03,+,-,+,+-+,Aggressive Growth (ops+external funding)
ICICIBANK,2014-03,+,-,+,+-+,Aggressive Growth (ops+external funding)
ICICIBANK,2015-03,-,-,+,--+,Heavy Investment Phase (external funded)
ICICIBANK,2016-03,+,-,+,+-+,Aggressive Growth (ops+external funding)
ICICIBANK,2017-03,+,-,-,+--,Reinvestor / Shareholder Returns
ICICIBANK,2018-03,+,-,+,+-+,Aggressive Growth (ops+external funding)
ICICIBANK,2019-03,+,-,-,+--,Reinvestor / Shareholder Returns
ICICIBANK,2020-03,+,-,+,+-+,Aggressive Growth (ops+external funding)
ICICIBANK,2021-03,+,-,-,+--,Reinvestor / Shareholder Returns
ICICIBANK,2022-03,+,-,+,+-+,Aggressive Growth (ops+external funding)
ICICIBANK,2023-03,-,-,+,--+,Heavy Investment Phase (external funded)
ICICIBANK,2024-03,+,-,+,+-+,Aggressive Growth (ops+external funding)
ICICIGI,2013-03,+,-,+,+-+,Aggressive Growth (ops+external funding)
ICICIGI,2014-03,+,-,+,+-+,Aggressive Growth (ops+external funding)
ICICIGI,2015-03,-,+,-,-+-,Distress — Asset Sale + Debt Repay
ICICIGI,2016-03,+,-,-,+--,Reinvestor / Shareholder Returns
ICICIGI,2017-03,+,-,+,+-+,Aggressive Growth (ops+external funding)
ICICIGI,2018-03,+,-,-,+--,Reinvestor / Shareholder Returns
ICICIGI,2019-03,+,-,-,+--,Reinvestor / Shareholder Returns
ICICIGI,2020-03,+,-,-,+--,Reinvestor / Shareholder Returns
ICICIGI,2021-03,+,-,-,+--,Reinvestor / Shareholder Returns
ICICIGI,2022-03,+,+,-,++-,Divesting & Returning Capital
ICICIGI,2023-03,+,-,-,+--,Reinvestor / Shareholder Returns
ICICIGI,2024-03,+,-,-,+--,Reinvestor / Shareholder Returns
ICICIPRULI,2013-03,-,+,-,-+-,Distress — Asset Sale + Debt Repay
ICICIPRULI,2014-03,-,+,-,-+-,Distress — Asset Sale + Debt Repay
ICICIPRULI,2015-03,+,-,-,+--,Reinvestor / Shareholder Returns
ICICIPRULI,2016-03,+,+,-,++-,Divesting & Returning Capital
ICICIPRULI,2017-03,+,-,-,+--,Reinvestor / Shareholder Returns
ICICIPRULI,2018-03,+,-,-,+--,Reinvestor / Shareholder Returns
ICICIPRULI,2019-03,+,-,-,+--,Reinvestor / Shareholder Returns
ICICIPRULI,2020-03,+,-,-,+--,Reinvestor / Shareholder Returns
ICICIPRULI,2021-03,+,-,+,+-+,Aggressive Growth (ops+external funding)
ICICIPRULI,2022-03,+,-,-,+--,Reinvestor / Shareholder Returns
ICICIPRULI,2023-03,+,-,-,+--,Reinvestor / Shareholder Returns
ICICIPRULI,2024-03,-,+,-,-+-,Distress — Asset Sale + Debt Repay
INDUSINDBK,2013-03,-,-,+,--+,Heavy Investment Phase (external funded)
INDUSINDBK,2014-03,-,-,+,--+,Heavy Investment Phase (external funded)
INDUSINDBK,2015-03,-,-,+,--+,Heavy Investment Phase (external funded)
INDUSINDBK,2016-03,-,-,+,--+,Heavy Investment Phase (external funded)
INDUSINDBK,2017-03,+,-,-,+--,Reinvestor / Shareholder Returns
INDUSINDBK,2018-03,-,-,+,--+,Heavy Investment Phase (external funded)
INDUSINDBK,2019-03,-,-,+,--+,Heavy Investment Phase (external funded)
INDUSINDBK,2020-03,-,+,+,-++,Distress — External Funding to Survive
INDUSINDBK,2021-03,+,-,-,+--,Reinvestor / Shareholder Returns
INDUSINDBK,2022-03,+,-,-,+--,Reinvestor / Shareholder Returns
INDUSINDBK,2023-03,-,-,+,--+,Heavy Investment Phase (external funded)
INDUSINDBK,2024-03,-,-,-,---,Cash Burn — Self-funded Investment
INFY,2013-03,+,-,-,+--,Reinvestor / Shareholder Returns
INFY,2014-03,+,-,-,+--,Reinvestor / Shareholder Returns
INFY,2015-03,+,+,-,++-,Divesting & Returning Capital
INFY,2016-03,+,-,-,+--,Reinvestor / Shareholder Returns
INFY,2017-03,+,-,-,+--,Reinvestor / Shareholder Returns
INFY,2018-03,+,+,-,++-,Divesting & Returning Capital
INFY,2019-03,+,-,-,+--,Reinvestor / Shareholder Returns
INFY,2020-03,+,-,-,+--,Reinvestor / Shareholder Returns
INFY,2021-03,+,-,-,+--,Reinvestor / Shareholder Returns
INFY,2022-03,+,-,-,+--,Reinvestor / Shareholder Returns
INFY,2023-03,+,-,-,+--,Reinvestor / Shareholder Returns
INFY,2024-03,+,-,-,+--,Reinvestor / Shareholder Returns
IOC,2013-03,+,-,+,+-+,Aggressive Growth (ops+external funding)
IOC,2014-03,+,-,-,+--,Reinvestor / Shareholder Returns
IOC,2015-03,+,-,-,+--,Reinvestor / Shareholder Returns
IOC,2016-03,+,-,-,+--,Reinvestor / Shareholder Returns
IOC,2017-03,+,-,-,+--,Reinvestor / Shareholder Returns
IOC,2018-03,+,-,-,+--,Reinvestor / Shareholder Returns
IOC,2019-03,+,-,+,+-+,Aggressive Growth (ops+external funding)
IOC,2020-03,+,-,+,+-+,Aggressive Growth (ops+external funding)
IOC,2021-03,+,-,-,+--,Reinvestor / Shareholder Returns
IOC,2022-03,+,-,-,+--,Reinvestor / Shareholder Returns
IOC,2023-03,+,-,-,+--,Reinvestor / Shareholder Returns
IOC,2024-03,+,-,-,+--,Reinvestor / Shareholder Returns
IRCTC,2015-03,+,-,-,+--,Reinvestor / Shareholder Returns
IRCTC,2016-03,+,+,-,++-,Divesting & Returning Capital
IRCTC,2017-03,+,+,-,++-,Divesting & Returning Capital
IRCTC,2018-03,+,+,-,++-,Divesting & Returning Capital
IRCTC,2019-03,+,-,-,+--,Reinvestor / Shareholder Returns
IRCTC,2020-03,+,+,-,++-,Divesting & Returning Capital
IRCTC,2021-03,+,-,-,+--,Reinvestor / Shareholder Returns
IRCTC,2022-03,+,-,-,+--,Reinvestor / Shareholder Returns
IRCTC,2023-03,+,-,-,+--,Reinvestor / Shareholder Returns
IRCTC,2024-03,+,-,-,+--,Reinvestor / Shareholder Returns
IRFC,2016-03,-,+,+,-++,Distress — External Funding to Survive
IRFC,2017-03,-,+,+,-++,Distress — External Funding to Survive
IRFC,2018-03,-,+,+,-++,Distress — External Funding to Survive
IRFC,2019-03,-,+,+,-++,Distress — External Funding to Survive
IRFC,2020-03,-,+,+,-++,Distress — External Funding to Survive
IRFC,2021-03,-,0,+,-0+,Other / Mixed Pattern
IRFC,2022-03,-,-,+,--+,Heavy Investment Phase (external funded)
IRFC,2023-03,-,0,+,-0+,Other / Mixed Pattern
IRFC,2024-03,+,-,-,+--,Reinvestor / Shareholder Returns
ITC,2013-03,+,-,-,+--,Reinvestor / Shareholder Returns
ITC,2014-03,+,-,-,+--,Reinvestor / Shareholder Returns
ITC,2015-03,+,-,-,+--,Reinvestor / Shareholder Returns
ITC,2016-03,+,-,-,+--,Reinvestor / Shareholder Returns
ITC,2017-03,+,-,-,+--,Reinvestor / Shareholder Returns
ITC,2018-03,+,-,-,+--,Reinvestor / Shareholder Returns
ITC,2019-03,+,-,-,+--,Reinvestor / Shareholder Returns
ITC,2020-03,+,-,-,+--,Reinvestor / Shareholder Returns
ITC,2021-03,+,+,-,++-,Divesting & Returning Capital
ITC,2022-03,+,-,-,+--,Reinvestor / Shareholder Returns
ITC,2023-03,+,-,-,+--,Reinvestor / Shareholder Returns
ITC,2024-03,+,+,-,++-,Divesting & Returning Capital
JINDALSTEL,2013-03,+,-,+,+-+,Aggressive Growth (ops+external funding)
JINDALSTEL,2014-03,+,-,+,+-+,Aggressive Growth (ops+external funding)
JINDALSTEL,2015-03,+,-,+,+-+,Aggressive Growth (ops+external funding)
JINDALSTEL,2016-03,+,-,-,+--,Reinvestor / Shareholder Returns
JINDALSTEL,2017-03,+,-,-,+--,Reinvestor / Shareholder Returns
JINDALSTEL,2018-03,+,-,-,+--,Reinvestor / Shareholder Returns
JINDALSTEL,2019-03,+,-,-,+--,Reinvestor / Shareholder Returns
JINDALSTEL,2020-03,+,-,-,+--,Reinvestor / Shareholder Returns
JINDALSTEL,2021-03,+,-,-,+--,Reinvestor / Shareholder Returns
JINDALSTEL,2022-03,+,-,-,+--,Reinvestor / Shareholder Returns
JINDALSTEL,2023-03,+,-,-,+--,Reinvestor / Shareholder Returns
JINDALSTEL,2024-03,+,-,+,+-+,Aggressive Growth (ops+external funding)
JIOFIN,2023-03,+,-,-,+--,Reinvestor / Shareholder Returns
JIOFIN,2024-03,-,+,-,-+-,Distress — Asset Sale + Debt Repay
JSWENERGY,2013-03,+,-,-,+--,Reinvestor / Shareholder Returns
JSWENERGY,2014-03,+,-,-,+--,Reinvestor / Shareholder Returns
JSWENERGY,2015-03,+,-,-,+--,Reinvestor / Shareholder Returns
JSWENERGY,2016-03,+,-,-,+--,Reinvestor / Shareholder Returns
JSWENERGY,2017-03,+,-,-,+--,Reinvestor / Shareholder Returns
JSWENERGY,2018-03,+,-,-,+--,Reinvestor / Shareholder Returns
JSWENERGY,2019-03,+,-,-,+--,Reinvestor / Shareholder Returns
JSWENERGY,2020-03,+,+,-,++-,Divesting & Returning Capital
JSWENERGY,2021-03,+,-,-,+--,Reinvestor / Shareholder Returns
JSWENERGY,2022-03,+,-,-,+--,Reinvestor / Shareholder Returns
JSWENERGY,2023-03,+,-,+,+-+,Aggressive Growth (ops+external funding)
JSWENERGY,2024-03,+,-,+,+-+,Aggressive Growth (ops+external funding)
JSWSTEEL,2013-03,+,-,-,+--,Reinvestor / Shareholder Returns
JSWSTEEL,2014-03,+,-,+,+-+,Aggressive Growth (ops+external funding)
JSWSTEEL,2015-03,+,-,-,+--,Reinvestor / Shareholder Returns
JSWSTEEL,2016-03,+,-,-,+--,Reinvestor / Shareholder Returns
JSWSTEEL,2017-03,+,-,-,+--,Reinvestor / Shareholder Returns
JSWSTEEL,2018-03,+,-,-,+--,Reinvestor / Shareholder Returns
JSWSTEEL,2019-03,+,-,+,+-+,Aggressive Growth (ops+external funding)
JSWSTEEL,2020-03,+,-,+,+-+,Aggressive Growth (ops+external funding)
JSWSTEEL,2021-03,+,-,-,+--,Reinvestor / Shareholder Returns
JSWSTEEL,2022-03,+,-,-,+--,Reinvestor / Shareholder Returns
JSWSTEEL,2023-03,+,-,-,+--,Reinvestor / Shareholder Returns
JSWSTEEL,2024-03,+,-,-,+--,Reinvestor / Shareholder Returns
KOTAKBANK,2013-03,+,-,+,+-+,Aggressive Growth (ops+external funding)
KOTAKBANK,2014-03,+,-,-,+--,Reinvestor / Shareholder Returns
KOTAKBANK,2015-03,+,-,+,+-+,Aggressive Growth (ops+external funding)
KOTAKBANK,2016-03,+,-,+,+-+,Aggressive Growth (ops+external funding)
KOTAKBANK,2017-03,+,-,+,+-+,Aggressive Growth (ops+external funding)
KOTAKBANK,2018-03,-,-,+,--+,Heavy Investment Phase (external funded)
KOTAKBANK,2019-03,+,-,+,+-+,Aggressive Growth (ops+external funding)
KOTAKBANK,2020-03,+,-,-,+--,Reinvestor / Shareholder Returns
KOTAKBANK,2021-03,+,-,-,+--,Reinvestor / Shareholder Returns
KOTAKBANK,2022-03,+,-,+,+-+,Aggressive Growth (ops+external funding)
KOTAKBANK,2023-03,-,-,+,--+,Heavy Investment Phase (external funded)
KOTAKBANK,2024-03,+,-,+,+-+,Aggressive Growth (ops+external funding)
LICI,2019-03,+,+,-,++-,Divesting & Returning Capital
LICI,2020-03,+,-,-,+--,Reinvestor / Shareholder Returns
LICI,2021-03,+,+,-,++-,Divesting & Returning Capital
LICI,2022-03,-,+,0,-+0,Other / Mixed Pattern
LICI,2023-03,+,-,-,+--,Reinvestor / Shareholder Returns
LICI,2024-03,+,-,-,+--,Reinvestor / Shareholder Returns
LODHA,2016-03,+,-,+,+-+,Aggressive Growth (ops+external funding)
LODHA,2017-03,+,-,-,+--,Reinvestor / Shareholder Returns
LODHA,2018-03,+,-,+,+-+,Aggressive Growth (ops+external funding)
LODHA,2019-03,-,-,+,--+,Heavy Investment Phase (external funded)
LODHA,2020-03,+,+,-,++-,Divesting & Returning Capital
LODHA,2021-03,+,+,-,++-,Divesting & Returning Capital
LODHA,2022-03,+,+,-,++-,Divesting & Returning Capital
LODHA,2023-03,+,+,-,++-,Divesting & Returning Capital
LODHA,2024-03,+,-,+,+-+,Aggressive Growth (ops+external funding)
LT,2013-03,-,-,+,--+,Heavy Investment Phase (external funded)
LT,2014-03,-,-,+,--+,Heavy Investment Phase (external funded)
LT,2015-03,-,-,+,--+,Heavy Investment Phase (external funded)
LT,2016-03,-,-,+,--+,Heavy Investment Phase (external funded)
LT,2017-03,+,-,+,+-+,Aggressive Growth (ops+external funding)
LT,2018-03,-,+,+,-++,Distress — External Funding to Survive
LT,2019-03,-,-,+,--+,Heavy Investment Phase (external funded)
LT,2020-03,+,-,+,+-+,Aggressive Growth (ops+external funding)
LT,2021-03,+,-,-,+--,Reinvestor / Shareholder Returns
LT,2022-03,+,-,-,+--,Reinvestor / Shareholder Returns
LT,2023-03,+,-,-,+--,Reinvestor / Shareholder Returns
LT,2024-03,+,+,-,++-,Divesting & Returning Capital
LTIM,2013-03,+,-,-,+--,Reinvestor / Shareholder Returns
LTIM,2014-03,+,+,-,++-,Divesting & Returning Capital
LTIM,2015-03,+,-,-,+--,Reinvestor / Shareholder Returns
LTIM,2016-03,+,-,-,+--,Reinvestor / Shareholder Returns
LTIM,2017-03,+,-,-,+--,Reinvestor / Shareholder Returns
LTIM,2018-03,+,-,-,+--,Reinvestor / Shareholder Returns
LTIM,2019-03,+,-,-,+--,Reinvestor / Shareholder Returns
LTIM,2020-03,+,-,-,+--,Reinvestor / Shareholder Returns
LTIM,2021-03,+,-,-,+--,Reinvestor / Shareholder Returns
LTIM,2022-03,+,-,-,+--,Reinvestor / Shareholder Returns
LTIM,2023-03,+,-,-,+--,Reinvestor / Shareholder Returns
LTIM,2024-03,+,-,-,+--,Reinvestor / Shareholder Returns
M&M,2013-03,-,-,+,--+,Heavy Investment Phase (external funded)
M&M,2014-03,-,-,+,--+,Heavy Investment Phase (external funded)
M&M,2015-03,+,-,+,+-+,Aggressive Growth (ops+external funding)
M&M,2016-03,+,-,+,+-+,Aggressive Growth (ops+external funding)
M&M,2017-03,+,-,+,+-+,Aggressive Growth (ops+external funding)
M&M,2018-03,+,-,+,+-+,Aggressive Growth (ops+external funding)
M&M,2019-03,-,-,+,--+,Heavy Investment Phase (external funded)
M&M,2020-03,-,-,+,--+,Heavy Investment Phase (external funded)
M&M,2021-03,+,-,+,+-+,Aggressive Growth (ops+external funding)
M&M,2022-03,+,-,-,+--,Reinvestor / Shareholder Returns
M&M,2023-03,-,-,+,--+,Heavy Investment Phase (external funded)
M&M,2024-03,-,-,+,--+,Heavy Investment Phase (external funded)
MARUTI,2013-03,+,-,-,+--,Reinvestor / Shareholder Returns
MARUTI,2014-03,+,-,-,+--,Reinvestor / Shareholder Returns
MARUTI,2015-03,+,-,-,+--,Reinvestor / Shareholder Returns
MARUTI,2016-03,+,-,-,+--,Reinvestor / Shareholder Returns
MARUTI,2017-03,+,-,-,+--,Reinvestor / Shareholder Returns
MARUTI,2018-03,+,-,-,+--,Reinvestor / Shareholder Returns
MARUTI,2019-03,+,-,-,+--,Reinvestor / Shareholder Returns
MARUTI,2020-03,+,-,-,+--,Reinvestor / Shareholder Returns
MARUTI,2021-03,+,-,-,+--,Reinvestor / Shareholder Returns
MARUTI,2022-03,+,-,-,+--,Reinvestor / Shareholder Returns
MARUTI,2023-03,+,-,-,+--,Reinvestor / Shareholder Returns
MARUTI,2024-03,+,-,-,+--,Reinvestor / Shareholder Returns
MOTHERSON,2013-03,+,-,-,+--,Reinvestor / Shareholder Returns
MOTHERSON,2014-03,+,-,-,+--,Reinvestor / Shareholder Returns
MOTHERSON,2015-03,+,-,+,+-+,Aggressive Growth (ops+external funding)
MOTHERSON,2016-03,+,-,-,+--,Reinvestor / Shareholder Returns
MOTHERSON,2017-03,+,-,+,+-+,Aggressive Growth (ops+external funding)
MOTHERSON,2018-03,+,-,-,+--,Reinvestor / Shareholder Returns
MOTHERSON,2019-03,+,-,-,+--,Reinvestor / Shareholder Returns
MOTHERSON,2020-03,+,-,-,+--,Reinvestor / Shareholder Returns
MOTHERSON,2021-03,+,-,-,+--,Reinvestor / Shareholder Returns
MOTHERSON,2022-03,+,-,-,+--,Reinvestor / Shareholder Returns
MOTHERSON,2023-03,+,-,-,+--,Reinvestor / Shareholder Returns
MOTHERSON,2024-03,+,-,+,+-+,Aggressive Growth (ops+external funding)
NAUKRI,2013-03,+,-,-,+--,Reinvestor / Shareholder Returns
NAUKRI,2014-03,+,-,+,+-+,Aggressive Growth (ops+external funding)
NAUKRI,2015-03,+,-,+,+-+,Aggressive Growth (ops+external funding)
NAUKRI,2016-03,+,-,-,+--,Reinvestor / Shareholder Returns
NAUKRI,2017-03,+,-,-,+--,Reinvestor / Shareholder Returns
NAUKRI,2018-03,+,-,-,+--,Reinvestor / Shareholder Returns
NAUKRI,2019-03,+,-,-,+--,Reinvestor / Shareholder Returns
NAUKRI,2020-03,+,+,-,++-,Divesting & Returning Capital
NAUKRI,2021-03,+,-,+,+-+,Aggressive Growth (ops+external funding)
NAUKRI,2022-03,+,-,+,+-+,Aggressive Growth (ops+external funding)
NAUKRI,2023-03,+,-,+,+-+,Aggressive Growth (ops+external funding)
NAUKRI,2024-03,+,-,+,+-+,Aggressive Growth (ops+external funding)
NESTLEIND,2013-12,+,-,-,+--,Reinvestor / Shareholder Returns
NESTLEIND,2014-12,+,-,-,+--,Reinvestor / Shareholder Returns
NESTLEIND,2015-12,+,-,-,+--,Reinvestor / Shareholder Returns
NESTLEIND,2016-12,+,-,-,+--,Reinvestor / Shareholder Returns
NESTLEIND,2017-12,+,-,-,+--,Reinvestor / Shareholder Returns
NESTLEIND,2018-12,+,-,-,+--,Reinvestor / Shareholder Returns
NESTLEIND,2019-12,+,+,-,++-,Divesting & Returning Capital
NESTLEIND,2020-12,+,-,-,+--,Reinvestor / Shareholder Returns
NESTLEIND,2021-12,+,-,-,+--,Reinvestor / Shareholder Returns
NESTLEIND,2022-12,+,-,-,+--,Reinvestor / Shareholder Returns
NESTLEIND,2023-12,+,-,-,+--,Reinvestor / Shareholder Returns
NESTLEIND,2024-03,+,-,-,+--,Reinvestor / Shareholder Returns
NHPC,2013-03,+,-,-,+--,Reinvestor / Shareholder Returns
NHPC,2014-03,+,-,-,+--,Reinvestor / Shareholder Returns
NHPC,2015-03,+,-,-,+--,Reinvestor / Shareholder Returns
NHPC,2016-03,+,-,-,+--,Reinvestor / Shareholder Returns
NHPC,2017-03,+,-,-,+--,Reinvestor / Shareholder Returns
NHPC,2018-03,+,-,-,+--,Reinvestor / Shareholder Returns
NHPC,2019-03,+,-,-,+--,Reinvestor / Shareholder Returns
NHPC,2020-03,+,-,+,+-+,Aggressive Growth (ops+external funding)
NHPC,2021-03,+,-,-,+--,Reinvestor / Shareholder Returns
NHPC,2022-03,+,-,-,+--,Reinvestor / Shareholder Returns
NHPC,2023-03,+,-,-,+--,Reinvestor / Shareholder Returns
NHPC,2024-03,+,-,-,+--,Reinvestor / Shareholder Returns
NTPC,2013-03,+,-,+,+-+,Aggressive Growth (ops+external funding)
NTPC,2014-03,+,-,-,+--,Reinvestor / Shareholder Returns
NTPC,2015-03,+,-,-,+--,Reinvestor / Shareholder Returns
NTPC,2016-03,+,-,-,+--,Reinvestor / Shareholder Returns
NTPC,2017-03,+,-,+,+-+,Aggressive Growth (ops+external funding)
NTPC,2018-03,+,-,+,+-+,Aggressive Growth (ops+external funding)
NTPC,2019-03,+,-,+,+-+,Aggressive Growth (ops+external funding)
NTPC,2020-03,+,-,+,+-+,Aggressive Growth (ops+external funding)
NTPC,2021-03,+,-,-,+--,Reinvestor / Shareholder Returns
NTPC,2022-03,+,-,-,+--,Reinvestor / Shareholder Returns
NTPC,2023-03,+,-,-,+--,Reinvestor / Shareholder Returns
NTPC,2024-03,+,-,-,+--,Reinvestor / Shareholder Returns
ONGC,2013-03,+,-,-,+--,Reinvestor / Shareholder Returns
ONGC,2014-03,+,-,+,+-+,Aggressive Growth (ops+external funding)
ONGC,2015-03,+,-,-,+--,Reinvestor / Shareholder Returns
ONGC,2016-03,+,-,-,+--,Reinvestor / Shareholder Returns
ONGC,2017-03,+,-,-,+--,Reinvestor / Shareholder Returns
ONGC,2018-03,+,-,+,+-+,Aggressive Growth (ops+external funding)
ONGC,2019-03,+,-,-,+--,Reinvestor / Shareholder Returns
ONGC,2020-03,+,-,-,+--,Reinvestor / Shareholder Returns
ONGC,2021-03,+,-,-,+--,Reinvestor / Shareholder Returns
ONGC,2022-03,+,-,-,+--,Reinvestor / Shareholder Returns
ONGC,2023-03,+,-,-,+--,Reinvestor / Shareholder Returns
ONGC,2024-03,+,-,-,+--,Reinvestor / Shareholder Returns
PFC,2013-03,-,+,+,-++,Distress — External Funding to Survive
PFC,2014-03,-,+,+,-++,Distress — External Funding to Survive
PFC,2015-03,-,-,+,--+,Heavy Investment Phase (external funded)
PFC,2016-03,-,-,+,--+,Heavy Investment Phase (external funded)
PFC,2017-03,+,-,+,+-+,Aggressive Growth (ops+external funding)
PFC,2018-03,-,+,+,-++,Distress — External Funding to Survive
PFC,2019-03,-,-,+,--+,Heavy Investment Phase (external funded)
PFC,2020-03,-,-,+,--+,Heavy Investment Phase (external funded)
PFC,2021-03,-,+,+,-++,Distress — External Funding to Survive
PFC,2022-03,+,-,-,+--,Reinvestor / Shareholder Returns
PFC,2023-03,-,-,+,--+,Heavy Investment Phase (external funded)
PFC,2024-03,-,-,+,--+,Heavy Investment Phase (external funded)
PIDILITIND,2013-03,+,-,-,+--,Reinvestor / Shareholder Returns
PIDILITIND,2014-03,+,-,-,+--,Reinvestor / Shareholder Returns
PIDILITIND,2015-03,+,-,-,+--,Reinvestor / Shareholder Returns
PIDILITIND,2016-03,+,-,-,+--,Reinvestor / Shareholder Returns
PIDILITIND,2017-03,+,-,+,+-+,Aggressive Growth (ops+external funding)
PIDILITIND,2018-03,+,+,-,++-,Divesting & Returning Capital
PIDILITIND,2019-03,+,-,-,+--,Reinvestor / Shareholder Returns
PIDILITIND,2020-03,+,+,-,++-,Divesting & Returning Capital
PIDILITIND,2021-03,+,-,-,+--,Reinvestor / Shareholder Returns
PIDILITIND,2022-03,+,-,-,+--,Reinvestor / Shareholder Returns
PIDILITIND,2023-03,+,-,-,+--,Reinvestor / Shareholder Returns
PIDILITIND,2024-03,+,-,-,+--,Reinvestor / Shareholder Returns
PNB,2013-03,-,-,-,---,Cash Burn — Self-funded Investment
PNB,2014-03,+,-,+,+-+,Aggressive Growth (ops+external funding)
PNB,2015-03,+,-,+,+-+,Aggressive Growth (ops+external funding)
PNB,2016-03,+,-,+,+-+,Aggressive Growth (ops+external funding)
PNB,2017-03,+,+,-,++-,Divesting & Returning Capital
PNB,2018-03,-,+,+,-++,Distress — External Funding to Survive
PNB,2019-03,-,-,+,--+,Heavy Investment Phase (external funded)
PNB,2020-03,-,-,+,--+,Heavy Investment Phase (external funded)
PNB,2021-03,+,-,+,+-+,Aggressive Growth (ops+external funding)
PNB,2022-03,+,-,+,+-+,Aggressive Growth (ops+external funding)
PNB,2023-03,+,-,+,+-+,Aggressive Growth (ops+external funding)
PNB,2024-03,-,-,+,--+,Heavy Investment Phase (external funded)
POWERGRID,2013-03,+,-,+,+-+,Aggressive Growth (ops+external funding)
POWERGRID,2014-03,+,-,+,+-+,Aggressive Growth (ops+external funding)
POWERGRID,2015-03,+,-,+,+-+,Aggressive Growth (ops+external funding)
POWERGRID,2016-03,+,-,+,+-+,Aggressive Growth (ops+external funding)
POWERGRID,2017-03,+,-,+,+-+,Aggressive Growth (ops+external funding)
POWERGRID,2018-03,+,-,+,+-+,Aggressive Growth (ops+external funding)
POWERGRID,2019-03,+,-,-,+--,Reinvestor / Shareholder Returns
POWERGRID,2020-03,+,-,-,+--,Reinvestor / Shareholder Returns
POWERGRID,2021-03,+,-,-,+--,Reinvestor / Shareholder Returns
POWERGRID,2022-03,+,+,-,++-,Divesting & Returning Capital
POWERGRID,2023-03,+,-,-,+--,Reinvestor / Shareholder Returns
POWERGRID,2024-03,+,-,-,+--,Reinvestor / Shareholder Returns
RECLTD,2013-03,-,+,+,-++,Distress — External Funding to Survive
RECLTD,2014-03,-,+,+,-++,Distress — External Funding to Survive
RECLTD,2015-03,-,+,+,-++,Distress — External Funding to Survive
RECLTD,2016-03,-,-,+,--+,Heavy Investment Phase (external funded)
RECLTD,2017-03,+,-,-,+--,Reinvestor / Shareholder Returns
RECLTD,2018-03,-,+,+,-++,Distress — External Funding to Survive
RECLTD,2019-03,-,+,+,-++,Distress — External Funding to Survive
RECLTD,2020-03,-,+,+,-++,Distress — External Funding to Survive
RECLTD,2021-03,-,+,+,-++,Distress — External Funding to Survive
RECLTD,2022-03,-,-,+,--+,Heavy Investment Phase (external funded)
RECLTD,2023-03,-,-,+,--+,Heavy Investment Phase (external funded)
RECLTD,2024-03,-,-,+,--+,Heavy Investment Phase (external funded)
RELIANCE,2013-03,+,-,+,+-+,Aggressive Growth (ops+external funding)
RELIANCE,2014-03,+,-,+,+-+,Aggressive Growth (ops+external funding)
RELIANCE,2015-03,+,-,+,+-+,Aggressive Growth (ops+external funding)
RELIANCE,2016-03,+,-,-,+--,Reinvestor / Shareholder Returns
RELIANCE,2017-03,+,-,+,+-+,Aggressive Growth (ops+external funding)
RELIANCE,2018-03,+,-,-,+--,Reinvestor / Shareholder Returns
RELIANCE,2019-03,+,-,+,+-+,Aggressive Growth (ops+external funding)
RELIANCE,2020-03,+,-,-,+--,Reinvestor / Shareholder Returns
RELIANCE,2021-03,+,-,+,+-+,Aggressive Growth (ops+external funding)
RELIANCE,2022-03,+,-,+,+-+,Aggressive Growth (ops+external funding)
RELIANCE,2023-03,+,-,+,+-+,Aggressive Growth (ops+external funding)
RELIANCE,2024-03,+,-,-,+--,Reinvestor / Shareholder Returns
SBILIFE,2013-03,+,-,-,+--,Reinvestor / Shareholder Returns
SBILIFE,2014-03,+,-,-,+--,Reinvestor / Shareholder Returns
SBILIFE,2015-03,+,-,-,+--,Reinvestor / Shareholder Returns
SBILIFE,2016-03,+,-,-,+--,Reinvestor / Shareholder Returns
SBILIFE,2017-03,+,-,-,+--,Reinvestor / Shareholder Returns
SBILIFE,2018-03,+,-,-,+--,Reinvestor / Shareholder Returns
SBILIFE,2019-03,+,-,-,+--,Reinvestor / Shareholder Returns
SBILIFE,2020-03,+,-,-,+--,Reinvestor / Shareholder Returns
SBILIFE,2021-03,+,-,+,+-+,Aggressive Growth (ops+external funding)
SBILIFE,2022-03,+,-,-,+--,Reinvestor / Shareholder Returns
SBILIFE,2023-03,+,-,-,+--,Reinvestor / Shareholder Returns
SBILIFE,2024-03,+,-,-,+--,Reinvestor / Shareholder Returns
SHREECEM,2013-06,+,-,-,+--,Reinvestor / Shareholder Returns
SHREECEM,2014-06,+,-,-,+--,Reinvestor / Shareholder Returns
SHREECEM,2015-06,+,-,-,+--,Reinvestor / Shareholder Returns
SHREECEM,2017-03,+,-,-,+--,Reinvestor / Shareholder Returns
SHREECEM,2018-03,+,-,+,+-+,Aggressive Growth (ops+external funding)
SHREECEM,2019-03,+,-,-,+--,Reinvestor / Shareholder Returns
SHREECEM,2020-03,+,-,+,+-+,Aggressive Growth (ops+external funding)
SHREECEM,2021-03,+,-,-,+--,Reinvestor / Shareholder Returns
SHREECEM,2022-03,+,-,-,+--,Reinvestor / Shareholder Returns
SHREECEM,2023-03,+,-,-,+--,Reinvestor / Shareholder Returns
SHREECEM,2024-03,+,-,-,+--,Reinvestor / Shareholder Returns
SHRIRAMFIN,2013-03,-,-,+,--+,Heavy Investment Phase (external funded)
SHRIRAMFIN,2014-03,-,-,+,--+,Heavy Investment Phase (external funded)
SHRIRAMFIN,2015-03,-,-,+,--+,Heavy Investment Phase (external funded)
SHRIRAMFIN,2016-03,-,-,+,--+,Heavy Investment Phase (external funded)
SHRIRAMFIN,2017-03,-,-,+,--+,Heavy Investment Phase (external funded)
SHRIRAMFIN,2018-03,-,+,+,-++,Distress — External Funding to Survive
SHRIRAMFIN,2019-03,-,-,+,--+,Heavy Investment Phase (external funded)
SHRIRAMFIN,2020-03,-,-,+,--+,Heavy Investment Phase (external funded)
SHRIRAMFIN,2021-03,-,-,+,--+,Heavy Investment Phase (external funded)
SHRIRAMFIN,2022-03,-,-,+,--+,Heavy Investment Phase (external funded)
SHRIRAMFIN,2023-03,-,+,+,-++,Distress — External Funding to Survive
SHRIRAMFIN,2024-03,-,-,+,--+,Heavy Investment Phase (external funded)
SIEMENS,2011-09,+,+,-,++-,Divesting & Returning Capital
SIEMENS,2014-09,+,+,-,++-,Divesting & Returning Capital
SIEMENS,2015-09,+,+,-,++-,Divesting & Returning Capital
SIEMENS,2016-09,+,+,-,++-,Divesting & Returning Capital
SIEMENS,2017-09,+,+,-,++-,Divesting & Returning Capital
SIEMENS,2018-09,+,-,-,+--,Reinvestor / Shareholder Returns
SIEMENS,2019-09,+,-,-,+--,Reinvestor / Shareholder Returns
SIEMENS,2020-09,+,+,-,++-,Divesting & Returning Capital
SIEMENS,2021-09,+,-,-,+--,Reinvestor / Shareholder Returns
SIEMENS,2022-09,+,-,-,+--,Reinvestor / Shareholder Returns
SIEMENS,2023-09,+,-,-,+--,Reinvestor / Shareholder Returns
SIEMENS,2024-09,+,-,-,+--,Reinvestor / Shareholder Returns
SUNPHARMA,2013-03,+,-,-,+--,Reinvestor / Shareholder Returns
SUNPHARMA,2014-03,+,-,+,+-+,Aggressive Growth (ops+external funding)
SUNPHARMA,2015-03,+,-,-,+--,Reinvestor / Shareholder Returns
SUNPHARMA,2016-03,+,-,-,+--,Reinvestor / Shareholder Returns
SUNPHARMA,2017-03,+,-,-,+--,Reinvestor / Shareholder Returns
SUNPHARMA,2018-03,+,-,-,+--,Reinvestor / Shareholder Returns
SUNPHARMA,2019-03,+,-,-,+--,Reinvestor / Shareholder Returns
SUNPHARMA,2020-03,+,-,-,+--,Reinvestor / Shareholder Returns
SUNPHARMA,2021-03,+,+,-,++-,Divesting & Returning Capital
SUNPHARMA,2022-03,+,-,-,+--,Reinvestor / Shareholder Returns
SUNPHARMA,2023-03,+,-,+,+-+,Aggressive Growth (ops+external funding)
SUNPHARMA,2024-03,+,-,-,+--,Reinvestor / Shareholder Returns
TATACONSUM,2013-03,+,+,+,+++,Other / Mixed Pattern
TATACONSUM,2014-03,+,-,-,+--,Reinvestor / Shareholder Returns
TATACONSUM,2015-03,+,-,-,+--,Reinvestor / Shareholder Returns
TATACONSUM,2016-03,+,+,-,++-,Divesting & Returning Capital
TATACONSUM,2017-03,+,+,-,++-,Divesting & Returning Capital
TATACONSUM,2018-03,+,-,-,+--,Reinvestor / Shareholder Returns
TATACONSUM,2019-03,+,+,-,++-,Divesting & Returning Capital
TATACONSUM,2020-03,+,-,-,+--,Reinvestor / Shareholder Returns
TATACONSUM,2021-03,+,-,-,+--,Reinvestor / Shareholder Returns
TATACONSUM,2022-03,+,-,-,+--,Reinvestor / Shareholder Returns
TATACONSUM,2023-03,+,-,-,+--,Reinvestor / Shareholder Returns
TATACONSUM,2024-03,+,-,+,+-+,Aggressive Growth (ops+external funding)
TATAMOTORS,2013-03,+,-,-,+--,Reinvestor / Shareholder Returns
TATAMOTORS,2014-03,+,-,-,+--,Reinvestor / Shareholder Returns
TATAMOTORS,2015-03,+,-,+,+-+,Aggressive Growth (ops+external funding)
TATAMOTORS,2016-03,+,-,-,+--,Reinvestor / Shareholder Returns
TATAMOTORS,2017-03,+,-,+,+-+,Aggressive Growth (ops+external funding)
TATAMOTORS,2018-03,+,-,+,+-+,Aggressive Growth (ops+external funding)
TATAMOTORS,2019-03,+,-,+,+-+,Aggressive Growth (ops+external funding)
TATAMOTORS,2020-03,+,-,+,+-+,Aggressive Growth (ops+external funding)
TATAMOTORS,2021-03,+,-,+,+-+,Aggressive Growth (ops+external funding)
TATAMOTORS,2022-03,+,-,-,+--,Reinvestor / Shareholder Returns
TATAMOTORS,2023-03,+,-,-,+--,Reinvestor / Shareholder Returns
TATAMOTORS,2024-03,+,-,-,+--,Reinvestor / Shareholder Returns
TATAPOWER,2013-03,+,-,-,+--,Reinvestor / Shareholder Returns
TATAPOWER,2014-03,+,-,-,+--,Reinvestor / Shareholder Returns
TATAPOWER,2015-03,+,-,-,+--,Reinvestor / Shareholder Returns
TATAPOWER,2016-03,+,-,-,+--,Reinvestor / Shareholder Returns
TATAPOWER,2017-03,+,-,+,+-+,Aggressive Growth (ops+external funding)
TATAPOWER,2018-03,+,-,-,+--,Reinvestor / Shareholder Returns
TATAPOWER,2019-03,+,-,-,+--,Reinvestor / Shareholder Returns
TATAPOWER,2020-03,+,-,-,+--,Reinvestor / Shareholder Returns
TATAPOWER,2021-03,+,+,-,++-,Divesting & Returning Capital
TATAPOWER,2022-03,+,-,-,+--,Reinvestor / Shareholder Returns
TATAPOWER,2023-03,+,-,+,+-+,Aggressive Growth (ops+external funding)
TATAPOWER,2024-03,+,-,-,+--,Reinvestor / Shareholder Returns
TATASTEEL,2013-03,+,-,-,+--,Reinvestor / Shareholder Returns
TATASTEEL,2014-03,+,-,+,+-+,Aggressive Growth (ops+external funding)
TATASTEEL,2015-03,+,-,-,+--,Reinvestor / Shareholder Returns
TATASTEEL,2016-03,+,-,-,+--,Reinvestor / Shareholder Returns
TATASTEEL,2017-03,+,-,-,+--,Reinvestor / Shareholder Returns
TATASTEEL,2018-03,+,-,+,+-+,Aggressive Growth (ops+external funding)
TATASTEEL,2019-03,+,-,-,+--,Reinvestor / Shareholder Returns
TATASTEEL,2020-03,+,-,-,+--,Reinvestor / Shareholder Returns
TATASTEEL,2021-03,+,-,-,+--,Reinvestor / Shareholder Returns
TATASTEEL,2022-03,+,-,-,+--,Reinvestor / Shareholder Returns
TATASTEEL,2023-03,+,-,-,+--,Reinvestor / Shareholder Returns
TATASTEEL,2024-03,+,-,-,+--,Reinvestor / Shareholder Returns
TCS,2013-03,+,-,-,+--,Reinvestor / Shareholder Returns
TCS,2014-03,+,-,-,+--,Reinvestor / Shareholder Returns
TCS,2015-03,+,-,-,+--,Reinvestor / Shareholder Returns
TCS,2016-03,+,-,-,+--,Reinvestor / Shareholder Returns
TCS,2017-03,+,-,-,+--,Reinvestor / Shareholder Returns
TCS,2018-03,+,+,-,++-,Divesting & Returning Capital
TCS,2019-03,+,+,-,++-,Divesting & Returning Capital
TCS,2020-03,+,+,-,++-,Divesting & Returning Capital
TCS,2021-03,+,-,-,+--,Reinvestor / Shareholder Returns
TCS,2022-03,+,-,-,+--,Reinvestor / Shareholder Returns
TCS,2023-03,+,+,-,++-,Divesting & Returning Capital
TCS,2024-03,+,+,-,++-,Divesting & Returning Capital
TECHM,2013-03,+,-,+,+-+,Aggressive Growth (ops+external funding)
TECHM,2014-03,+,+,-,++-,Divesting & Returning Capital
TECHM,2015-03,+,-,-,+--,Reinvestor / Shareholder Returns
TECHM,2016-03,+,-,-,+--,Reinvestor / Shareholder Returns
TECHM,2017-03,+,-,-,+--,Reinvestor / Shareholder Returns
TECHM,2018-03,+,-,-,+--,Reinvestor / Shareholder Returns
TECHM,2019-03,+,-,-,+--,Reinvestor / Shareholder Returns
TECHM,2020-03,+,+,-,++-,Divesting & Returning Capital
TECHM,2021-03,+,-,-,+--,Reinvestor / Shareholder Returns
TECHM,2022-03,+,+,-,++-,Divesting & Returning Capital
TECHM,2023-03,+,-,-,+--,Reinvestor / Shareholder Returns
TECHM,2024-03,+,-,-,+--,Reinvestor / Shareholder Returns
TITAN,2013-03,+,-,-,+--,Reinvestor / Shareholder Returns
TITAN,2014-03,-,-,+,--+,Heavy Investment Phase (external funded)
TITAN,2015-03,+,-,-,+--,Reinvestor / Shareholder Returns
TITAN,2016-03,+,-,-,+--,Reinvestor / Shareholder Returns
TITAN,2017-03,+,-,-,+--,Reinvestor / Shareholder Returns
TITAN,2018-03,-,+,-,-+-,Distress — Asset Sale + Debt Repay
TITAN,2019-03,+,-,-,+--,Reinvestor / Shareholder Returns
TITAN,2020-03,-,+,-,-+-,Distress — Asset Sale + Debt Repay
TITAN,2021-03,+,-,-,+--,Reinvestor / Shareholder Returns
TITAN,2022-03,-,+,-,-+-,Distress — Asset Sale + Debt Repay
TITAN,2023-03,+,-,+,+-+,Aggressive Growth (ops+external funding)
TITAN,2024-03,+,-,-,+--,Reinvestor / Shareholder Returns
TORNTPHARM,2013-03,+,-,+,+-+,Aggressive Growth (ops+external funding)
TORNTPHARM,2014-03,+,-,+,+-+,Aggressive Growth (ops+external funding)
TORNTPHARM,2015-03,+,-,+,+-+,Aggressive Growth (ops+external funding)
TORNTPHARM,2016-03,+,-,-,+--,Reinvestor / Shareholder Returns
TORNTPHARM,2017-03,+,-,-,+--,Reinvestor / Shareholder Returns
TORNTPHARM,2018-03,+,-,+,+-+,Aggressive Growth (ops+external funding)
TORNTPHARM,2019-03,+,-,-,+--,Reinvestor / Shareholder Returns
TORNTPHARM,2020-03,+,+,-,++-,Divesting & Returning Capital
TORNTPHARM,2021-03,+,-,-,+--,Reinvestor / Shareholder Returns
TORNTPHARM,2022-03,+,-,-,+--,Reinvestor / Shareholder Returns
TORNTPHARM,2023-03,+,-,+,+-+,Aggressive Growth (ops+external funding)
TORNTPHARM,2024-03,+,-,-,+--,Reinvestor / Shareholder Returns
TRENT,2013-03,+,-,+,+-+,Aggressive Growth (ops+external funding)
TRENT,2014-03,-,-,-,---,Cash Burn — Self-funded Investment
TRENT,2015-03,-,-,+,--+,Heavy Investment Phase (external funded)
TRENT,2016-03,+,-,-,+--,Reinvestor / Shareholder Returns
TRENT,2017-03,+,-,-,+--,Reinvestor / Shareholder Returns
TRENT,2018-03,+,-,-,+--,Reinvestor / Shareholder Returns
TRENT,2019-03,+,-,+,+-+,Aggressive Growth (ops+external funding)
TRENT,2020-03,+,-,+,+-+,Aggressive Growth (ops+external funding)
TRENT,2021-03,+,+,-,++-,Divesting & Returning Capital
TRENT,2022-03,+,+,-,++-,Divesting & Returning Capital
TRENT,2023-03,+,-,-,+--,Reinvestor / Shareholder Returns
TRENT,2024-03,+,-,-,+--,Reinvestor / Shareholder Returns
TVSMOTOR,2013-03,+,-,-,+--,Reinvestor / Shareholder Returns
TVSMOTOR,2014-03,+,-,-,+--,Reinvestor / Shareholder Returns
TVSMOTOR,2015-03,+,-,+,+-+,Aggressive Growth (ops+external funding)
TVSMOTOR,2016-03,+,-,-,+--,Reinvestor / Shareholder Returns
TVSMOTOR,2017-03,+,-,-,+--,Reinvestor / Shareholder Returns
TVSMOTOR,2018-03,+,-,+,+-+,Aggressive Growth (ops+external funding)
TVSMOTOR,2019-03,-,-,+,--+,Heavy Investment Phase (external funded)
TVSMOTOR,2020-03,+,-,+,+-+,Aggressive Growth (ops+external funding)
TVSMOTOR,2021-03,+,-,+,+-+,Aggressive Growth (ops+external funding)
TVSMOTOR,2022-03,-,-,+,--+,Heavy Investment Phase (external funded)
TVSMOTOR,2023-03,-,-,+,--+,Heavy Investment Phase (external funded)
TVSMOTOR,2024-03,-,-,+,--+,Heavy Investment Phase (external funded)
INDIGO,2013-03,+,-,+,+-+,Aggressive Growth (ops+external funding)
INDIGO,2014-03,+,-,+,+-+,Aggressive Growth (ops+external funding)
INDIGO,2015-03,+,-,-,+--,Reinvestor / Shareholder Returns
INDIGO,2016-03,+,-,-,+--,Reinvestor / Shareholder Returns
INDIGO,2017-03,+,-,-,+--,Reinvestor / Shareholder Returns
INDIGO,2018-03,+,-,+,+-+,Aggressive Growth (ops+external funding)
INDIGO,2019-03,+,-,-,+--,Reinvestor / Shareholder Returns
INDIGO,2020-03,+,-,-,+--,Reinvestor / Shareholder Returns
INDIGO,2021-03,-,+,-,-+-,Distress — Asset Sale + Debt Repay
INDIGO,2022-03,+,+,-,++-,Divesting & Returning Capital
INDIGO,2023-03,+,-,-,+--,Reinvestor / Shareholder Returns
INDIGO,2024-03,+,-,-,+--,Reinvestor / Shareholder Returns
